sd_student_id,sd_first_name,sd_last_name,sd_dob,sd_email,sd_phone,sd_gender,sd_address,sd_city,sd_zip_code,sd_state,sd_country,sd_hobbies,sd_applied_course,sd_X_board,sd_X_percentage,sd_X_POY,sd_XII_board,sd_XII_percentage,sd_XII_POY
61,Rohit,kumar,8/7/2021,rohit11@gmail.com,1234567999,female,aaaa,Delhi,110096,delhi,India,Dancing,B.Tech,CBSE,50,2017,ICSE,55,2018
62,mohit,dwdw,8/7/2021,rohit12@gmail.com,1234567890,male,feqfqfq,sdadad,1222,edfedef,Pakistan,"Drawing,Others",BCA,csgrfef,44,2020,vfvrfv,67,2021
65,Sumit,skumar,1/10/1996,h6singh@velsof.com,1234567809,female,kondli,Delhi,20130,Delhi,1,"Drawing,Singing,Dancing",BCA,UP,90,2010,ICSE,70,2007
66,Ankit,dwdw,8/7/2020,mohit1122@gmail.com,1234567890,male,feqfqfq,sdadad,1222,edfedef,2,"Singing,Dancing",BCA,fefwe,56,2020,ICdd,76,2007
67,Sunny,sharma,1/1/2020,sunny12@gmail.com,1234567890,male,ffrgregr,delhi,110098,delhi,2,"Singing,Dancing",BCA,cbse,66,2018,vrewv,59,2018
68,Sunny,sharma,1/1/2020,sunny123@gmail.com,1234567890,male,ffrgregr,delhi,110098,delhi,China,"Singing,Dancing",BCA,cbse,66,2018,vrewv,59,2018
70,Sunny,sharma,1/1/2020,ffneifdwd@gmail.com,1234567890,female,ffrgregr,delhi,110098,delhi,China,"Singing,Sketching",B.Tech,csgrfef,77,2011,ICSE,44,2011
71,Rohit,sharma,1/1/2020,rohit@gmail.com,1234567890,female,ffrgregr,delhi,110098,delhi,China,"Singing,Sketching",B.Tech,csgrfef,77,2011,ICSE,44,2011
72,mohit,dwdw,8/7/2020,mohit11@gmail.com,1234567890,male,feqfqfq,sdadad,1222,edfedef,China,"Drawing,Singing",B.Tech,csgrfef,44,2009,vfvrfv,68,2009
73,mohit,dwdw,8/7/2020,mohit12@gmail.com,1234567890,male,feqfqfq,sdadad,1222,edfedef,China,"Drawing,Singing",B.Tech,csgrfef,44,2009,vfvrfv,68,2009
74,mohit,dwdw,8/7/2020,mohit13@gmail.com,1234567890,male,feqfqfq,sdadad,1222,edfedef,China,"Drawing,Singing",B.Tech,csgrfef,44,2009,vfvrfv,68,2009
75,mohit,dwdw,8/7/2020,mohit14@gmail.com,1234567890,male,feqfqfq,sdadad,1222,edfedef,China,"Drawing,Singing",B.Tech,csgrfef,44,2009,vfvrfv,68,2009
76,mohit,dwdw,8/7/2020,mohit15@gmail.com,1234567890,male,feqfqfq,sdadad,1222,edfedef,China,"Drawing,Singing",B.Tech,csgrfef,44,2009,vfvrfv,68,2009
77,Ankit,dwdw,1/1/2020,mohit11111@gmail.com,1234567890,male,feqfqfq,sdadad,1222,edfedef,Bangladesh,"Singing,Dancing",BCA,fefwe,44,2020,ICSE,76,2020
78,Ankit,dwdw,1/1/2020,mohit1111@gmail.com,1234567890,male,feqfqfq,sdadad,1222,edfedef,Bangladesh,"Singing,Dancing",BCA,fefwe,44,2020,ICSE,76,2020
79,Ankit,dwdw,1/1/2020,mohit1@gmail.com,1234567890,male,feqfqfq,sdadad,1222,edfedef,Bangladesh,"Singing,Dancing",BCA,fefwe,44,2020,ICSE,76,2020
80,Ankit,dwdw,1/1/2020,mohit1232@gmail.com,1234567890,male,feqfqfq,sdadad,1222,edfedef,Bangladesh,"Singing,Dancing",BCA,fefwe,44,2020,ICSE,76,2020
81,Ankit,dwdw,1/1/2020,mohit123211@gmail.com,1234567890,male,feqfqfq,sdadad,1222,edfedef,Bangladesh,"Singing,Dancing",BCA,fefwe,44,2020,ICSE,76,2020
82,Ankit,dwdw,1/1/2020,mohit12320@gmail.com,1234567890,male,feqfqfq,sdadad,1222,edfedef,Bangladesh,"Singing,Dancing",BCA,fefwe,44,2020,ICSE,76,2020
83,Ankit,dwdw,1/1/2020,mohit123210@gmail.com,1234567890,male,feqfqfq,sdadad,1222,edfedef,Bangladesh,"Singing,Dancing",BCA,fefwe,44,2020,ICSE,76,2020
84,Ankit,dwdw,1/1/2020,mohit1230@gmail.com,1234567890,male,feqfqfq,sdadad,1222,edfedef,Bangladesh,"Singing,Dancing",BCA,fefwe,44,2020,ICSE,76,2020
85,Ankit,dwdw,1/1/2020,mohit12310@gmail.com,1234567890,male,feqfqfq,sdadad,1222,edfedef,Bangladesh,"Singing,Dancing",BCA,fefwe,44,2020,ICSE,76,2020
86,Ankit,dwdw,1/1/2020,mohit123110@gmail.com,1234567890,male,feqfqfq,sdadad,1222,edfedef,Bangladesh,"Singing,Dancing",BCA,fefwe,44,2020,ICSE,76,2020
87,Ankit,dwdw,1/1/2020,mohit1231110@gmail.com,1234567890,male,feqfqfq,sdadad,1222,edfedef,Bangladesh,"Singing,Dancing",BCA,fefwe,44,2020,ICSE,76,2020
88,Ankit,dwdw,1/1/2020,mohit12311130@gmail.com,1234567890,male,feqfqfq,sdadad,1222,edfedef,Bangladesh,"Singing,Dancing",BCA,fefwe,44,2020,ICSE,76,2020
89,mohit,dwdw,1/1/2020,mohit@gmail.com,1234567890,female,feqfqfq,sdadad,1222,edfedef,China,"Drawing,Singing",B.Tech,ded,44,2020,ICdd,70,2020
90,Ankit,dwdw,1/1/2020,mohit1123@gmail.com,1234567890,male,feqfqfq,sdadad,1222,edfedef,China,"Drawing,Dancing",B.Tech,csgrfef,44,2020,vfvrfv,45,2020
91,arjun,dwdw,1/3/1959,mohit123232@gmail.com,1234567890,male,feqfqfq,sdadad,1222,edfedef,China,"Drawing,Dancing",BCA,csgrfef,44,2020,vfvrfv,68,2020
94,Mihir,feknmkmf,,f1mf@gmai.com,1234567890,male,fefhe,sdadad,8484,dfefjl,India,Acting,B.Tech,mfrfr,99,2003,nfjd,88,2004
