21uploads/export/export.csvStudent_id,First_name,Last_name,DOB,Email,Phone,Gender,Address,City,"Zip Code",State,Country,Hobbies,Course,X_board,X_percentage,X_POY,XII_board,XII_percentage,XII_POY
61,rohit,singh,,rohit1dwde@gmail.com,1234567999,female,aaaa,Delhi,110096,delhi,India,Dancing,B.Tech,ICSE,55,2018,,,
62,mohit,singh,1999-01-01,rohit12@gmail.com,1234567890,male,feqfqfq,sdadad,1222,edfedef,Pakistan,"Drawing,Others",BCA,csgrfef,67,2021,vfvrfv,67,2021
65,Sumit,skumarrrr,1998-01-01,rohit1fe2345@gmail.com,1234567809,female,kondli,Delhi,20130,Delhi,1,"Drawing,Singing,Dancing",BCA,UP,90,2010,ICSE,70,2007
66,Ankit,dwdw,2020-08-07,mohit1122@gmail.com,1234567890,male,feqfqfq,sdadad,1222,edfedef,2,"Singing,Dancing",BCA,fefwe,56,2020,ICdd,76,2007
67,Sunny,sharma,2020-01-01,sunny12@gmail.com,1234567890,male,ffrgregr,delhi,110098,delhi,2,"Singing,Dancing",BCA,cbse,66,2018,vrewv,59,2018
68,Sunny,sharma,2020-01-01,sunny123@gmail.com,1234567890,male,ffrgregr,delhi,110098,delhi,China,"Singing,Dancing",BCA,cbse,66,2018,vrewv,59,2018
70,Sunny,sharma,2020-01-01,ffneifdwd@gmail.com,1234567890,female,ffrgregr,delhi,110098,delhi,China,"Singing,Sketching",B.Tech,csgrfef,77,2011,ICSE,44,2011
71,Rohit,sharma,2020-01-01,rohit@gmail.com,1234567890,female,ffrgregr,delhi,110098,delhi,China,"Singing,Sketching",B.Tech,csgrfef,77,2011,ICSE,44,2011
72,mohit,dwdw,2020-08-07,mohit11@gmail.com,1234567890,male,feqfqfq,sdadad,1222,edfedef,China,"Drawing,Singing",B.Tech,csgrfef,44,2009,vfvrfv,68,2009
73,mohit,dwdw,2020-08-07,mohit12@gmail.com,1234567890,male,feqfqfq,sdadad,1222,edfedef,China,"Drawing,Singing",B.Tech,csgrfef,44,2009,vfvrfv,68,2009
74,mohit,dwdw,2020-08-07,mohit13@gmail.com,1234567890,male,feqfqfq,sdadad,1222,edfedef,China,"Drawing,Singing",B.Tech,csgrfef,44,2009,vfvrfv,68,2009
75,mohit,dwdw,2020-08-07,mohit14@gmail.com,1234567890,male,feqfqfq,sdadad,1222,edfedef,China,"Drawing,Singing",B.Tech,csgrfef,44,2009,vfvrfv,68,2009
76,mohit,dwdw,2020-08-07,mohit15@gmail.com,1234567890,male,feqfqfq,sdadad,1222,edfedef,China,"Drawing,Singing",B.Tech,csgrfef,44,2009,vfvrfv,68,2009
77,Ankit,dwdw,2020-01-01,mohit11111@gmail.com,1234567890,male,feqfqfq,sdadad,1222,edfedef,Bangladesh,"Singing,Dancing",BCA,fefwe,44,2020,ICSE,76,2020
78,Ankit,dwdw,2020-01-01,mohit1111@gmail.com,1234567890,male,feqfqfq,sdadad,1222,edfedef,Bangladesh,"Singing,Dancing",BCA,fefwe,44,2020,ICSE,76,2020
79,Ankit,dwdw,2020-01-01,mohit1@gmail.com,1234567890,male,feqfqfq,sdadad,1222,edfedef,Bangladesh,"Singing,Dancing",BCA,fefwe,44,2020,ICSE,76,2020
80,Ankit,dwdw,2020-01-01,mohit1232@gmail.com,1234567890,male,feqfqfq,sdadad,1222,edfedef,Bangladesh,"Singing,Dancing",BCA,fefwe,44,2020,ICSE,76,2020
81,Ankit,dwdw,2020-01-01,mohit123211@gmail.com,1234567890,male,feqfqfq,sdadad,1222,edfedef,Bangladesh,"Singing,Dancing",BCA,fefwe,44,2020,ICSE,76,2020
82,Ankit,dwdw,2020-01-01,mohit12320@gmail.com,1234567890,male,feqfqfq,sdadad,1222,edfedef,Bangladesh,"Singing,Dancing",BCA,fefwe,44,2020,ICSE,76,2020
83,Ankit,dwdw,2020-01-01,mohit123210@gmail.com,1234567890,male,feqfqfq,sdadad,1222,edfedef,Bangladesh,"Singing,Dancing",BCA,fefwe,44,2020,ICSE,76,2020
84,Ankit,dwdw,2020-01-01,mohit1230@gmail.com,1234567890,male,feqfqfq,sdadad,1222,edfedef,Bangladesh,"Singing,Dancing",BCA,fefwe,44,2020,ICSE,76,2020
85,Ankit,dwdw,2020-01-01,mohit12310@gmail.com,1234567890,male,feqfqfq,sdadad,1222,edfedef,Bangladesh,"Singing,Dancing",BCA,fefwe,44,2020,ICSE,76,2020
86,Ankit,dwdw,2020-01-01,mohit123110@gmail.com,1234567890,male,feqfqfq,sdadad,1222,edfedef,Bangladesh,"Singing,Dancing",BCA,fefwe,44,2020,ICSE,76,2020
87,Ankit,dwdw,2020-01-01,mohit1231110@gmail.com,1234567890,male,feqfqfq,sdadad,1222,edfedef,Bangladesh,"Singing,Dancing",BCA,fefwe,44,2020,ICSE,76,2020
88,Ankit,dwdw,2020-01-01,mohit12311130@gmail.com,1234567890,male,feqfqfq,sdadad,1222,edfedef,Bangladesh,"Singing,Dancing",BCA,fefwe,44,2020,ICSE,76,2020
89,mohit,dwdw,2020-01-01,mohit@gmail.com,1234567890,female,feqfqfq,sdadad,1222,edfedef,China,"Drawing,Singing",B.Tech,ded,44,2020,ICdd,70,2020
90,Ankit,dwdw,,mohit1123@gmail.com,1234567890,male,feqfqfq,sdadad,1222,edfedef,China,"Drawing,Dancing",B.Tech,vfvrfv,45,2020,,,
91,arjun,dwdw,,mohit123232@gmail.com,1234567890,male,feqfqfq,sdadad,1222,edfedef,China,"Drawing,Dancing",BCA,vfvrfv,68,2020,,,
95,Mihir,feknmkmf,,f211mf@gmai.com,1234567890,male,fefhe,sdadad,8484,dfefjl,India,Acting,B.Tech,nfjd,88,2004,,,
96,rohit,singh,,rohit1dwdde@gmail.com,1234567999,female,aaaa,Delhi,110096,delhi,India,Dancing,B.Tech,fghf,50,2018,,,
97,Sumit,skumarrrr,,rohit112@gmail.com,1234567809,female,kondli,Delhi,20130,Delhi,1,"Drawing,Singing,Dancing",BCA,ICSE,70,2007,,,
103,Sumit,skumarrrr,,rohit1e12@gmail.com,1234567809,female,kondli,Delhi,20130,Delhi,1,"Drawing,Singing,Dancing",BCA,ICSE,70,2007,,,
105,Sumit,skumarrrr,1998-01-01,rohit1eef12@gmail.com,1234567809,female,kondli,Delhi,20130,Delhi,1,"Drawing,Singing,Dancing",BCA,UP,90,2010,,,
130,Sumit,skumarrrr,,rohit11eef12@gmail.com,,female,,Delhi,20130,Delhi,1,"Drawing,Singing,Dancing",BCA,,,,,,
140,Sumit,skum,1999-01-01,ro23geef12@gmail.com,1234567809,female,kondli,Delhi,20130,Delhi,India,"Drawing,Singing,Dancing",BCA,UP,70,2007,,,
141,Sumit,skum,1999-01-01,ro234geef12@gmail.com,1234567809,female,kondli,Delhi,20130,Delhi,India,"Drawing,Singing,Dancing",BCA,UP,70,2007,,,
142,Sumit,skum,1999-01-01,ro234mgeef12@gmail.com,1234567809,female,kondli,Delhi,20130,Delhi,India,"Drawing,Singing,